job_name,time
Royale,-56644
Royale,-56629
Tomee,-56625
Royale,-56608
Royale,-56586
Kafka,-56583
Royale,-56573
Royale,-56565
Royale,-56555
Tomee,-56544
Tomee,-56511
Tomee,-56499
Royale,-56493
Tomee,-56467
Royale,-56466
Tomee,-56456
Tomee,-56450
Royale,-56445
Tomee,-56441
Royale,-56410
Tomee,-56409
Royale,-56400
Tomee,-56397
Royale,-56391
Royale,-56381
Royale,-56373
Tomee,-56370
Royale,-56360
Tomee,-56358
Royale,-56351
Tomee,-56350
Royale,-56342
Tomee,-56342
Tomee,-56333
Royale,-56326
Tomee,-56326
Tomee,-56317
Tomee,-56308
Royale,-56307
Tomee,-56300
Tomee,-56292
Royale,-56268
Royale,-56228
Royale,-56196
Royale,-56189
Royale,-56175
Royale,-56167
Royale,-56154
Royale,-56129
Royale,-56117
Royale,-56105
Royale,-56095
Royale,-56086
Royale,-56056
Royale,-56046
Royale,-56035
Royale,-56024
Royale,-56014
Royale,-56003
Royale,-55993
Royale,-55983
Royale,-55972
Royale,-55963
Royale,-55951
Royale,-55925
Royale,-55915
Royale,-55903
Royale,-55894
Royale,-55885
Royale,-55873
Royale,-55863
Royale,-55854
Royale,-55843
Royale,-55818
Royale,-55806
Royale,-55796
Royale,-55750
Royale,-55741
Royale,-55730
Royale,-55720
Royale,-55711
Royale,-55689
Royale,-55666
Royale,-55661
Royale,-55653
Royale,-55645
Royale,-55637
Royale,-55626
Royale,-55617
Royale,-55609
Royale,-55600
Royale,-55591
Royale,-55583
Royale,-55574
Royale,-55565
Royale,-55557
Royale,-55548
Royale,-55540
Solr,-55533
Royale,-55531
Royale,-55523
Royale,-55514
Royale,-55505
Royale,-55496
Royale,-55488
Royale,-55479
Royale,-55470
Royale,-55462
Royale,-55454
Royale,-55445
Royale,-55437
Royale,-55428
Royale,-55420
Royale,-55412
Royale,-55403
Royale,-55395
Royale,-55386
Royale,-55372
Royale,-55363
Royale,-55355
Royale,-55347
Royale,-55339
Royale,-55331
Royale,-55322
Royale,-55314
Royale,-55305
Royale,-55297
Royale,-55289
Royale,-55281
Royale,-55271
Royale,-55263
Royale,-55254
Royale,-55246
Royale,-55238
Royale,-55230
Royale,-55221
Royale,-55213
Royale,-55205
Royale,-55196
Royale,-55188
Royale,-55180
Royale,-55172
Royale,-55163
Royale,-55155
Royale,-55147
Royale,-55139
Royale,-55130
Royale,-55122
Royale,-55114
Royale,-55101
Royale,-55093
Royale,-55085
Royale,-55077
Royale,-55068
Royale,-55060
Royale,-55052
Royale,-55044
Royale,-55035
Royale,-55027
Royale,-55019
Royale,-55011
Royale,-55003
Royale,-54994
Royale,-54986
Royale,-54978
Royale,-54969
Royale,-54961
Royale,-54953
Royale,-54944
Royale,-54936
Royale,-54928
Royale,-54919
Royale,-54910
Royale,-54902
Royale,-54893
Royale,-54885
Royale,-54876
Royale,-54868
Royale,-54860
Kafka,-54853
Royale,-54852
Creadur,-54849
Royale,-54843
Royale,-54835
Royale,-54827
Royale,-54818
Royale,-54810
Royale,-54802
Royale,-54794
Royale,-54784
Royale,-54776
Royale,-54768
Royale,-54760
Royale,-54752
Royale,-54743
Royale,-54735
Royale,-54727
Royale,-54718
Royale,-54710
Royale,-54706
Royale,-54698
Royale,-54687
Royale,-54680
Royale,-54673
Royale,-54666
Royale,-54659
Royale,-54651
Royale,-54645
Royale,-54637
Royale,-54629
Royale,-54613
Royale,-54587
Royale,-54559
Royale,-54533
Royale,-54525
Royale,-54502
Royale,-54482
Royale,-54457
Royale,-54431
Royale,-54411
Royale,-54393
Royale,-54367
Royale,-54347
Tomee,-54343
Royale,-54327
Royale,-54303
Royale,-54284
Royale,-54246
Royale,-54224
Royale,-54206
Royale,-54186
Royale,-54167
Royale,-54143
Royale,-54125
Royale,-54109
Royale,-54092
Royale,-54073
Royale,-54052
Royale,-54031
Royale,-54009
Royale,-53987
Royale,-53966
Royale,-53947
Royale,-53920
Royale,-53893
Royale,-53887
Royale,-53868
Royale,-53844
Royale,-53821
Royale,-53794
Royale,-53766
Royale,-53739
Royale,-53717
Kafka,-53715
Kafka,-53702
Royale,-53699
Royale,-53677
Royale,-53657
Royale,-53634
Royale,-53613
Royale,-53592
Royale,-53570
Tomee,-53548
Royale,-53547
Royale,-53535
Tomee,-53533
Tomee,-53528
Tomee,-53491
Royale,-53487
Tomee,-53485
Tomee,-53475
Tomee,-53461
Royale,-53454
Royale,-53417
Royale,-53382
Dubbo,-53349
Royale,-53330
Royale,-53296
Dubbo,-53289
Royale,-53289
Royale,-53271
Tomee,-53263
Royale,-53247
Royale,-53226
Tomee,-53210
Royale,-53200
Tomee,-53199
Tomee,-53190
Royale,-53179
Royale,-53158
Tomee,-53152
Royale,-53137
Royale,-53115
Tomee,-53112
Royale,-53082
Royale,-53059
Tomee,-53051
Royale,-53031
Tomee,-53009
Royale,-53006
Royale,-53000
Tomee,-52999
Tomee,-52988
Royale,-52975
Royale,-52937
Tomee,-52904
Royale,-52899
Royale,-52895
Tomee,-52893
Royale,-52880
Dubbo,-52869
Royale,-52866
Royale,-52861
Tomee,-52853
Royale,-52848
Royale,-52843
Tomee,-52839
Tomee,-52830
Tomee,-52821
Tomee,-52804
Tomee,-52798
Royale,-52791
Tomee,-52791
Royale,-52783
Tomee,-52741
Royale,-52739
Royale,-52706
Tomee,-52689
Royale,-52647
Tomee,-52643
Tomee,-52634
Tomee,-52606
Royale,-52589
Tomee,-52586
Royale,-52583
Dubbo,-52569
Tomee,-52567
Tomee,-52549
Royale,-52539
Tomee,-52527
Tomee,-52508
Tomee,-52492
Tomee,-52478
Kafka,-52477
Tomee,-52467
Tomee,-52451
Tomee,-52436
Tomee,-52426
Tomee,-52418
Royale,-52414
Royale,-52404
Royale,-52397
Royale,-52390
Royale,-52383
Tomee,-52376
Royale,-52375
Royale,-52368
Royale,-52361
Royale,-52353
Tomee,-52352
Royale,-52346
Tomee,-52323
Tomee,-52304
Tomee,-52294
Tomee,-52291
Tomee,-52284
Tomee,-52278
Tomee,-52231
Tomee,-52207
Tomee,-52198
Tomee,-52188
Tomee,-52179
Tomee,-52173
Tomee,-52159
Tomee,-52149
Tomee,-52140
Tomee,-52131
Tomee,-52122
Tomee,-52104
Tomee,-52095
Tomee,-52089
Tomee,-52072
Tomee,-52062
Tomee,-52053
Tomee,-52050
Tomee,-52044
Tomee,-52038
Tomee,-52032
Tomee,-52025
Tomee,-52020
Tomee,-51946
Tomee,-51923
Tomee,-51910
Tomee,-51901
Tomee,-51892
Tomee,-51881
Tomee,-51832
Tomee,-51822
Tomee,-51810
Tomee,-51793
Tomee,-51782
Tomee,-51772
Tomee,-51769
Tomee,-51754
Tomee,-51741
Tomee,-51735
Tomee,-51730
Tomee,-51723
Tomee,-51718
Tomee,-51606
Tomee,-51591
Tomee,-51576
Kafka,-51569
Tomee,-51562
Tomee,-51553
Tomee,-51540
Tomee,-51530
Tomee,-51522
Tomee,-51510
Tomee,-51497
Tomee,-51488
Tomee,-51475
Tomee,-51459
Tomee,-51439
Tomee,-51432
Tomee,-51407
Tomee,-51394
Tomee,-51387
Tomee,-51373
Kafka,-51347
Tomee,-51347
Tomee,-51335
Tomee,-51327
Tomee,-51321
Tomee,-51309
Tomee,-51289
Tomee,-51273
Tomee,-51264
Tomee,-51254
Tomee,-51242
Tomee,-51231
Tomee,-51209
Tomee,-51186
Tomee,-51167
Tomee,-51142
Dubbo,-51129
Tomee,-51121
Tomee,-51099
Tomee,-51079
Tomee,-51059
Tomee,-51039
Tomee,-51018
Tomee,-50997
Tomee,-50991
Tomee,-50985
Tomee,-50959
Tomee,-50935
Tomee,-50912
Tomee,-50889
Tomee,-50869
Tomee,-50845
Tomee,-50829
Tomee,-50814
Tomee,-50788
Tomee,-50748
Tomee,-50729
Tomee,-50720
Tomee,-50714
Tomee,-50711
Tomee,-50705
Tomee,-50689
Tomee,-50684
Tomee,-50672
Tomee,-50666
Tomee,-50655
Tomee,-50645
Tomee,-50633
Tomee,-50628
Tomee,-50614
Tomee,-50591
Tomee,-50585
Tomee,-50573
Tomee,-50545
Tomee,-50531
Tomee,-50510
Tomee,-50495
Tomee,-50480
Tomee,-50469
Tomee,-50455
Tomee,-50440
Tomee,-50425
Tomee,-50410
Tomee,-50395
Tomee,-50375
Tomee,-50365
Tomee,-50363
Tomee,-50357
Dubbo,-50349
Tomee,-50346
Tomee,-50339
Tomee,-50333
Tomee,-50315
Tomee,-50303
Tomee,-50275
Tomee,-50247
Tomee,-50234
Tomee,-50221
Tomee,-50207
Tomee,-50200
Tomee,-50189
Tomee,-50179
Tomee,-50170
Dubbo,-50169
Tomee,-50157
Tomee,-50147
Tomee,-50138
Tomee,-50129
Tomee,-50115
Tomee,-50101
Tomee,-50065
Tomee,-50058
Tomee,-50047
Tomee,-50036
Tomee,-50024
Tomee,-50012
Tomee,-50000
Tomee,-49987
Tomee,-49974
Tomee,-49962
Tomee,-49950
Tomee,-49944
Tomee,-49931
Tomee,-49919
Tomee,-49907
Tomee,-49892
Tomee,-49879
Tomee,-49845
Tomee,-49821
Tomee,-49806
Tomee,-49792
Tomee,-49778
Tomee,-49719
Tomee,-49688
Tomee,-49685
Tomee,-49658
Tomee,-49653
Tomee,-49637
Tomee,-49611
Tomee,-49602
Tomee,-49590
Tomee,-49562
Tomee,-49478
Tomee,-49470
Tomee,-49453
Tomee,-49433
Tomee,-49429
Solr,-49402
Tomee,-49380
Tomee,-49372
Tomee,-49367
Tomee,-49357
Kafka,-49124
Tomee,-49032
Solr,-48809
Kafka,-47721
Kafka,-47715
Tomee,-47356
Tomee,-47345
Tomee,-47261
Kafka,-46832
Solr,-46803
Tomee,-46688
Tomee,-46678
Tomee,-46673
Solr,-46657
ActiveMQ,-46562
Tomee,-46550
ActiveMQ,-46496
ActiveMQ,-46473
ActiveMQ,-46469
ActiveMQ,-46464
ActiveMQ,-46425
ActiveMQ,-46415
Tomee,-46406
ActiveMQ,-46377
ActiveMQ,-46364
ActiveMQ,-46331
ActiveMQ,-46311
ActiveMQ,-46249
ActiveMQ,-46244
ActiveMQ,-46233
Tomee,-46131
ActiveMQ,-46027
ActiveMQ,-46023
ActiveMQ,-45992
ActiveMQ,-45980
ActiveMQ,-45967
Tomee,-45949
ActiveMQ,-45944
ActiveMQ,-45931
ActiveMQ,-45920
ActiveMQ,-45909
ActiveMQ,-45886
ActiveMQ,-45877
ActiveMQ,-45866
ActiveMQ,-45853
ActiveMQ,-45841
ActiveMQ,-45826
Tomee,-45821
ActiveMQ,-45818
ActiveMQ,-45808
ActiveMQ,-45797
ActiveMQ,-45610
ActiveMQ,-45572
ActiveMQ,-45562
ActiveMQ,-45529
ActiveMQ,-45524
ActiveMQ,-45515
ActiveMQ,-45500
ActiveMQ,-45486
Tomee,-45459
ActiveMQ,-45452
ActiveMQ,-45444
ActiveMQ,-45410
ActiveMQ,-45400
ActiveMQ,-45387
ActiveMQ,-45375
ActiveMQ,-45363
ActiveMQ,-45359
ActiveMQ,-45350
ActiveMQ,-45341
ActiveMQ,-45330
ActiveMQ,-45289
ActiveMQ,-45272
ActiveMQ,-45268
ActiveMQ,-45258
ActiveMQ,-45080
Tomee,-45054
ActiveMQ,-45045
ActiveMQ,-45038
Kafka,-45026
Tomee,-44888
Tomee,-44815
Tomee,-44802
ActiveMQ,-44720
ActiveMQ,-44538
ActiveMQ,-44529
ActiveMQ,-44461
Tomee,-44411
ActiveMQ,-44336
Tika,-44282
ActiveMQ,-44275
ActiveMQ,-44264
ActiveMQ,-44254
ActiveMQ,-44244
ActiveMQ,-44237
Tomee,-44237
ActiveMQ,-44208
ActiveMQ,-44183
ActiveMQ,-44173
Tomee,-44173
ActiveMQ,-44154
ActiveMQ,-44140
Tomee,-44117
Tomee,-44042
Tika,-44001
Tomee,-43997
Tomee,-43987
Tomee,-43973
Tika,-43970
Tomee,-43964
Tika,-43958
Tomee,-43937
Kafka,-43927
Tika,-43804
Tika,-43780
Tika,-43769
Tika,-43757
Tika,-43746
Tika,-43729
Tika,-43711
Tika,-43694
Tika,-43672
ActiveMQ,-43671
Tika,-43652
Tika,-43627
ActiveMQ,-43619
Tika,-43604
ActiveMQ,-43602
ActiveMQ,-43597
ActiveMQ,-43592
Tika,-43582
Tika,-43559
ActiveMQ,-43554
ActiveMQ,-43545
Tika,-43535
Tika,-43513
ActiveMQ,-43511
ActiveMQ,-43500
Tika,-43492
ActiveMQ,-43473
Tika,-43473
ActiveMQ,-43460
Tika,-43447
ActiveMQ,-43446
ActiveMQ,-43442
ActiveMQ,-43432
Tika,-43348
Tika,-43324
ActiveMQ,-43316
ActiveMQ,-43311
ActiveMQ,-43288
ActiveMQ,-43279
ActiveMQ,-43268
Tika,-43266
ActiveMQ,-43246
Tika,-43242
ActiveMQ,-43235
ActiveMQ,-43225
Tika,-43218
ActiveMQ,-43215
ActiveMQ,-43194
Tika,-43192
ActiveMQ,-43185
ActiveMQ,-43175
Tika,-43172
ActiveMQ,-43164
ActiveMQ,-43155
Tika,-43150
ActiveMQ,-43142
ActiveMQ,-43133
Tika,-43129
ActiveMQ,-43123
Tika,-43118
ActiveMQ,-43113
Tika,-43102
ActiveMQ,-43019
Tika,-42993
ActiveMQ,-42991
ActiveMQ,-42983
Tika,-42981
Tika,-42962
Tika,-42960
ActiveMQ,-42958
ActiveMQ,-42954
ActiveMQ,-42946
ActiveMQ,-42933
Tika,-42932
ActiveMQ,-42921
Tika,-42914
Tika,-42909
ActiveMQ,-42899
Tika,-42898
Tika,-42893
ActiveMQ,-42890
Tika,-42881
ActiveMQ,-42867
ActiveMQ,-42857
Tika,-42857
ActiveMQ,-42845
Tika,-42845
ActiveMQ,-42835
ActiveMQ,-42823
Solr,-42820
ActiveMQ,-42819
Tika,-42810
ActiveMQ,-42808
ActiveMQ,-42798
Tika,-42793
ActiveMQ,-42790
Tika,-42785
Tika,-42779
Tika,-42774
Kafka,-42772
Tika,-42767
Tika,-42761
ActiveMQ,-42753
Tika,-42751
Tika,-42743
ActiveMQ,-42740
ActiveMQ,-42735
Tika,-42734
Tika,-42725
ActiveMQ,-42725
Tika,-42714
Tika,-42702
Tika,-42702
Tika,-42689
Tika,-42682
Tika,-42676
Kafka,-42672
Guacamole,-42669
Tika,-42664
Tika,-42664
Tika,-42651
ActiveMQ,-42646
Tika,-42639
Tika,-42626
Guacamole,-42614
Tika,-42614
ActiveMQ,-42607
Tika,-42603
ActiveMQ,-42599
Guacamole,-42597
Tika,-42595
Tika,-42573
Tika,-42562
Tika,-42557
Guacamole,-42546
Tika,-42544
Tika,-42520
Tika,-42519
Solr,-42510
Tika,-42507
Tika,-42499
Tika,-42495
Guacamole,-42481
Tika,-42481
Tika,-42468
Tika,-42457
Tika,-42445
ActiveMQ,-42435
Tika,-42434
Tika,-42363
Tika,-42363
Tika,-42357
Guacamole,-42351
Tika,-42351
Tika,-42346
Tika,-42336
Tika,-42332
Tika,-42319
Tika,-42316
ActiveMQ,-42310
Tika,-42303
ActiveMQ,-42302
Tika,-42298
Tika,-42289
Tika,-42283
Tika,-42280
Tika,-42264
Tika,-42261
ActiveMQ,-42255
Tika,-42250
Tika,-42237
Tika,-42226
Tika,-42213
Tika,-42211
Tika,-42202
Tika,-42199
Tika,-42192
Tika,-42175
ActiveMQ,-42159
Tika,-42153
Tika,-42147
Guacamole,-42140
Tika,-42134
Tika,-42129
Guacamole,-42116
Tika,-42116
Tika,-42110
ActiveMQ,-42105
Tika,-42099
ActiveMQ,-42097
Tika,-42090
ActiveMQ,-42088
ActiveMQ,-42081
Tika,-42079
Guacamole,-42078
ActiveMQ,-42073
Tika,-42063
ActiveMQ,-42052
Tika,-42043
ActiveMQ,-42033
ActiveMQ,-42023
Tika,-42021
ActiveMQ,-42010
ActiveMQ,-41998
Tika,-41995
Tika,-41991
Tika,-41986
Tika,-41977
Tika,-41973
Tika,-41966
Guacamole,-41958
Tika,-41955
Tika,-41944
Tika,-41942
Tika,-41933
Tika,-41920
Tika,-41919
Tika,-41915
Tika,-41906
Tika,-41901
Tika,-41900
Tika,-41889
Tika,-41888
Tika,-41877
Tika,-41868
Tika,-41860
Guacamole,-41852
Tika,-41851
Tika,-41846
Tika,-41841
Tika,-41832
Tika,-41830
Tika,-41821
Tika,-41809
Tika,-41808
Tika,-41794
Tika,-41784
Tika,-41782
Tika,-41765
Tika,-41763
Guacamole,-41753
Tika,-41751
Tika,-41741
Guacamole,-41736
Tika,-41735
Tika,-41732
Tika,-41724
Tika,-41712
Tika,-41708
Tika,-41700
Tika,-41697
Tika,-41687
Tika,-41678
Tika,-41675
Tika,-41658
Tika,-41656
Tika,-41645
Tika,-41639
Tika,-41629
Tika,-41629
Tika,-41629
Tika,-41617
Tika,-41606
Tika,-41605
Tika,-41593
Tika,-41529
Tika,-41512
Tika,-41506
Tika,-41488
Tika,-41476
Tika,-41471
Tika,-41462
Tika,-41431
Tika,-41407
Tika,-41396
Tika,-41369
Tika,-41353
Tika,-41347
Tika,-41341
Tika,-41340
Tika,-41339
Tika,-41335
Tika,-41329
Tika,-41327
Tika,-41324
Tika,-41316
Tika,-41305
Tika,-41294
Tika,-41285
Tika,-41280
Tika,-41273
Kafka,-41272
Tika,-41267
Tika,-41267
Tika,-41250
Tika,-41243
Tika,-41236
Tika,-41223
Tika,-41218
Tika,-41217
Tika,-41212
Tika,-41209
Tika,-41208
Tika,-41208
Tika,-41206
Tika,-41204
Tika,-41201
Tika,-41197
Tika,-41195
Tika,-41193
Tika,-41192
Tika,-41187
Tika,-41181
Tika,-41179
Tika,-41172
Tika,-41167
Tika,-41167
Tika,-41161
Tika,-41153
Tika,-41153
Tika,-41146
Tika,-41138
Tika,-41133
Tika,-41128
Tika,-41119
Tika,-41100
Tika,-41077
Tika,-41065
Tika,-41061
Tika,-41046
Tika,-41019
Tika,-41010
Tika,-41007
Tika,-41002
Tika,-41002
Solr,-41000
Tika,-40990
Tika,-40975
Tika,-40974
Tika,-40963
Tika,-40960
Tika,-40953
Tika,-40946
Tika,-40944
Tika,-40939
Tika,-40930
Tika,-40930
Tika,-40928
Tika,-40923
Tika,-40918
Tika,-40917
Tika,-40912
Tika,-40911
Tika,-40908
Tika,-40902
Tika,-40896
Tika,-40886
Tika,-40839
Tika,-40812
Tika,-40810
Tika,-40805
Tika,-40804
Tika,-40800
Tika,-40800
Tika,-40795
Tika,-40793
Tika,-40788
Tika,-40787
Tika,-40783
Tika,-40778
Tika,-40769
Tika,-40769
Tika,-40769
Tika,-40768
Tika,-40758
Tika,-40758
Tika,-40755
Tika,-40752
Tika,-40752
Tika,-40743
Tika,-40741
Tika,-40738
Tika,-40736
Tika,-40732
Tika,-40720
Tika,-40713
Tika,-40704
Tika,-40698
Tika,-40695
Tika,-40691
Tika,-40676
Tika,-40639
Tika,-40627
Tika,-40622
Tika,-40615
Tika,-40612
Tika,-40606
Tika,-40603
Tika,-40597
Tika,-40592
Tika,-40587
Tika,-40576
Tika,-40564
Tika,-40559
Tika,-40557
Tika,-40553
Tika,-40551
Tika,-40551
Kafka,-40545
Tika,-40538
Tika,-40534
Tika,-40534
Tika,-40529
Tika,-40524
Tika,-40519
Tika,-40513
Tika,-40513
Tika,-40500
Kafka,-40492
Tika,-40488
Tika,-40487
Tika,-40475
Tika,-40461
Tika,-40446
Tika,-40422
Tika,-40412
Tika,-40410
Tika,-40408
Tika,-40407
Tika,-40402
Tika,-40397
Tika,-40392
Tika,-40387
Tika,-40384
Tika,-40380
Tika,-40378
Tika,-40376
Tika,-40374
Tika,-40367
Tika,-40362
Tika,-40348
Tika,-40340
Tika,-40340
Tika,-40338
Tika,-40336
Tika,-40334
Tika,-40332
Tika,-40326
Tika,-40326
Tika,-40326
Tika,-40319
Tika,-40318
Tika,-40313
Tika,-40313
Tika,-40308
Tika,-40306
Tika,-40302
Tika,-40301
Tika,-40295
Tika,-40290
Tika,-40290
Tika,-40289
Tika,-40284
Tika,-40280
Tika,-40278
Tika,-40275
Tika,-40275
Tika,-40270
Tika,-40264
Tika,-40263
Tika,-40262
Tika,-40259
Tika,-40257
Tika,-40250
Tika,-40247
Tika,-40247
Tika,-40244
Tika,-40240
Tika,-40239
Kafka,-40236
Tika,-40235
Tika,-40232
Tika,-40230
Tika,-40229
Tika,-40225
Tika,-40221
Tika,-40220
Tika,-40216
Tika,-40212
Tika,-40209
Kafka,-40201
Tika,-40196
Tika,-40194
Tika,-40190
Tika,-40181
Tika,-40178
Tika,-40172
Tika,-40162
Tika,-40150
Tika,-40147
Tika,-40135
Tika,-40128
Tika,-40118
Tika,-40105
Tika,-40100
Tika,-40084
Tika,-40079
Tika,-40069
Tika,-40067
Tika,-40066
Tika,-40059
Tika,-40058
Tika,-40057
Tika,-40052
Tika,-40039
Tika,-40034
Tika,-40026
Tika,-40012
Tika,-39999
Tika,-39987
Tika,-39987
Tika,-39980
Tika,-39967
Tika,-39966
Tika,-39951
Tika,-39951
Tika,-39945
Tika,-39937
Tika,-39935
Tika,-39921
Tika,-39920
Tika,-39907
Tika,-39904
Tika,-39900
Tika,-39898
Tika,-39894
Tika,-39881
Tika,-39867
Tika,-39847
Tika,-39842
Tika,-39840
Tika,-39825
Tika,-39816
Tika,-39813
Tika,-39803
Tika,-39795
Tika,-39794
Tika,-39756
Tika,-39747
Tika,-39740
Tika,-39734
Tika,-39734
Tika,-39729
Tika,-39706
Tika,-39694
Kafka,-39604
Tika,-39584
Tika,-39578
Tika,-39570
Tika,-39559
Tika,-39548
Tika,-39543
Tika,-39540
Tika,-39537
Tika,-39526
Tika,-39513
Tika,-39507
Tika,-39498
Tika,-39491
Tika,-39477
Tika,-39469
Tika,-39465
Tika,-39456
Tika,-39450
Tika,-39446
Tika,-39432
Tika,-39431
Tika,-39425
Tika,-39419
Tika,-39415
Tika,-39404
Tika,-39398
Tika,-39394
Tika,-39392
Tika,-39388
Tika,-39382
Tika,-39378
Tika,-39366
Tika,-39348
Tika,-39346
Tika,-39334
Tika,-39323
Tika,-39317
Tika,-39306
Tika,-39294
Tika,-39290
Tika,-39285
Tika,-39281
Tika,-39271
Tika,-39269
Tika,-39265
Tika,-39263
Tika,-39258
Tika,-39256
Tika,-39244
Tika,-39226
Tika,-39211
Tika,-39205
Tika,-39195
Tika,-39181
Tika,-39164
Tika,-39150
Tika,-39034
Tika,-39029
Tika,-39015
Tika,-39009
Tika,-38914
Tika,-38883
Tika,-38852
Tika,-38841
Tika,-38828
Tika,-38816
Tika,-38810
Kafka,-38798
Tika,-38784
Tika,-38761
Tika,-38758
Tika,-38752
Ranger,-38747
Tika,-38698
Ranger,-38687
Tika,-38687
Tika,-38668
Ranger,-38662
Tika,-38654
Tika,-38649
Tika,-38635
Ranger,-38615
Ranger,-38583
Tika,-38560
Ranger,-38558
Ranger,-38537
Tika,-38490
Ranger,-38483
Tika,-38455
Tika,-38445
Tika,-38402
Ranger,-38388
Ranger,-38374
Tika,-38361
Tika,-38352
Tika,-38336
Ranger,-38333
Tika,-38324
Tika,-38318
Tika,-38306
Ranger,-38258
Ranger,-38244
Ranger,-38241
Ranger,-38224
Ranger,-38203
Ranger,-38177
Ranger,-38176
Ranger,-38150
Ranger,-38106
Ranger,-37941
Ranger,-37886
Kafka,-37827
Kafka,-37734
Ranger,-37687
Ranger,-37638
Ranger,-37581
Ranger,-37522
Ranger,-37443
Ranger,-37376
Ranger,-37006
Ranger,-36992
Ranger,-36980
Ranger,-36948
Ranger,-36922
Ranger,-36894
Ranger,-36877
Ranger,-36828
Ranger,-36750
Ranger,-36697
Ranger,-36663
Ranger,-36607
Ranger,-36575
Ranger,-36406
Ranger,-36389
Ranger,-36372
Ranger,-36325
Ranger,-36303
Ranger,-36276
Ranger,-36251
Ranger,-36235
Ranger,-36131
Ranger,-36106
Ranger,-36088
Ranger,-36056
Ranger,-36038
Ranger,-35925
Kafka,-35924
Ranger,-35906
Ranger,-35849
Ranger,-35828
Ranger,-35802
Ranger,-35776
Ranger,-35721
Ranger,-35687
Ranger,-35670
Ranger,-35649
Ranger,-35631
Ranger,-35590
Ranger,-35527
Ranger,-35523
Ranger,-35507
Ranger,-35494
Ranger,-35478
Ranger,-35453
Ranger,-35451
Ranger,-35428
Ranger,-35412
Ranger,-35392
Ranger,-35385
Ranger,-35357
Kafka,-35351
Ranger,-35337
Ranger,-35295
Ranger,-35273
Ranger,-35137
Ranger,-35021
Ranger,-34930
Ranger,-34869
Ranger,-34850
Ranger,-34811
Ranger,-34744
Ranger,-34608
Ranger,-34551
Ranger,-34481
Ranger,-34400
Ranger,-34351
Ranger,-34330
Ranger,-34326
Ranger,-34311
Ranger,-34304
Ranger,-34266
Ranger,-34247
Ranger,-34235
Ranger,-34211
Ranger,-34193
Ranger,-34185
Ranger,-34134
Ranger,-34053
Ranger,-33975
Ranger,-33896
Ranger,-33835
Kafka,-33777
Ranger,-33765
Ranger,-33616
Ranger,-33550
Ranger,-33470
Ranger,-33407
Ranger,-33333
Royale,-33290
Ranger,-33233
Ranger,-33161
Ranger,-33105
Royale,-33060
Royale,-33035
Ranger,-33006
Royale,-33005
Royale,-32995
Royale,-32987
Royale,-32978
Royale,-32970
Royale,-32959
Royale,-32951
Ranger,-32946
Royale,-32943
Royale,-32924
Royale,-32909
Ranger,-32891
Royale,-32863
Royale,-32828
Ranger,-32826
Royale,-32801
Royale,-32794
Royale,-32781
Royale,-32773
Ranger,-32763
Royale,-32761
Royale,-32740
Royale,-32729
Royale,-32718
Royale,-32709
Royale,-32700
Ranger,-32700
Royale,-32674
Royale,-32665
Royale,-32656
Royale,-32645
Ranger,-32643
Royale,-32636
Royale,-32626
Royale,-32616
Royale,-32607
Royale,-32597
Royale,-32589
Royale,-32578
Ranger,-32574
Royale,-32553
Royale,-32544
Royale,-32533
Royale,-32524
Royale,-32516
Royale,-32506
Royale,-32496
Ranger,-32496
Royale,-32487
Royale,-32477
Royale,-32456
Royale,-32443
Ranger,-32438
Royale,-32434
Royale,-32392
Royale,-32384
Royale,-32374
Royale,-32365
Royale,-32356
Ranger,-32350
Royale,-32337
Royale,-32316
Royale,-32311
Royale,-32304
Royale,-32296
Royale,-32289
Royale,-32278
Royale,-32270
Royale,-32262
Royale,-32254
Ranger,-32248
Royale,-32246
Royale,-32237
Royale,-32229
Guacamole,-32228
Royale,-32221
Royale,-32212
Royale,-32204
Royale,-32196
Royale,-32188
Royale,-32180
Royale,-32172
Royale,-32164
Royale,-32155
Royale,-32147
Royale,-32139
Royale,-32131
Royale,-32122
Royale,-32114
Royale,-32106
Royale,-32098
Royale,-32089
Royale,-32081
Royale,-32073
Royale,-32065
Royale,-32057
Royale,-32049
Royale,-32041
Royale,-32032
Royale,-32024
Royale,-32016
Royale,-32008
Royale,-32000
Royale,-31991
Royale,-31982
Royale,-31974
Royale,-31965
Royale,-31957
Royale,-31949
Royale,-31940
Royale,-31932
Royale,-31923
Royale,-31915
Royale,-31907
Royale,-31899
Royale,-31890
Royale,-31882
Royale,-31874
Solr,-31866
Royale,-31866
Royale,-31858
Royale,-31849
Royale,-31841
Royale,-31833
Royale,-31825
Royale,-31817
Royale,-31808
Royale,-31800
Royale,-31791
Royale,-31783
Royale,-31775
Royale,-31767
Royale,-31759
Royale,-31751
Royale,-31742
Royale,-31733
Royale,-31723
Royale,-31715
Royale,-31707
Royale,-31699
Royale,-31690
Royale,-31682
Royale,-31673
Royale,-31665
Royale,-31657
Royale,-31648
Royale,-31640
Royale,-31632
Royale,-31624
Royale,-31615
Royale,-31607
Royale,-31599
Royale,-31591
Royale,-31583
Royale,-31575
Royale,-31567
Royale,-31558
Royale,-31550
Royale,-31542
Royale,-31533
Royale,-31525
Royale,-31517
Royale,-31509
Ranger,-31504
Ranger,-31504
Ranger,-31504
Ranger,-31504
Ranger,-31504
Ranger,-31504
Ranger,-31504
Ranger,-31503
Ranger,-31503
Royale,-31501
Royale,-31493
Royale,-31484
Royale,-31476
Royale,-31468
Royale,-31460
Royale,-31452
Royale,-31444
Royale,-31435
Royale,-31427
Royale,-31419
Royale,-31410
Royale,-31401
Royale,-31393
Royale,-31385
Royale,-31380
Royale,-31372
Royale,-31361
Royale,-31353
Royale,-31346
Royale,-31339
Royale,-31332
Royale,-31324
Royale,-31318
Royale,-31310
Royale,-31302
Royale,-31265
Royale,-31242
Royale,-31218
Royale,-31196
Royale,-31189
Royale,-31168
Royale,-31149
Royale,-31126
Royale,-31101
Royale,-31083
Royale,-31064
Royale,-31042
Royale,-31023
Kafka,-30982
Royale,-30974
Royale,-30953
Royale,-30932
Royale,-30898
Royale,-30878
Royale,-30862
Royale,-30842
Royale,-30826
Guacamole,-30815
Royale,-30805
Royale,-30787
Royale,-30771
Royale,-30754
Guacamole,-30734
Royale,-30693
Royale,-30673
Royale,-30652
Royale,-30629
Royale,-30606
Kafka,-30578
Royale,-30558
Royale,-30431
Royale,-30405
Accumulo,-30397
Royale,-30371
Accumulo,-30370
Royale,-30359
Royale,-30339
Accumulo,-30332
Tomee,-30309
Royale,-30262
Royale,-30228
Accumulo,-30223
Royale,-30042
Royale,-30006
Royale,-29975
Royale,-29953
Royale,-29936
Royale,-29912
Royale,-29893
Accumulo,-29887
Royale,-29872
Royale,-29854
Royale,-29835
Royale,-29814
Royale,-29790
Royale,-29779
Accumulo,-29777
Accumulo,-29753
Royale,-29736
Accumulo,-29725
Royale,-29705
Accumulo,-29701
Kafka,-29682
Royale,-29672
Accumulo,-29662
Royale,-29639
Accumulo,-29630
Royale,-29593
Royale,-29563
Accumulo,-29558
Royale,-29555
Royale,-29540
Royale,-29516
Royale,-29497
Royale,-29473
Guacamole,-29469
Royale,-29455
Royale,-29437
Royale,-29419
Royale,-29399
Accumulo,-29380
Royale,-29366
Accumulo,-29364
Royale,-29342
Accumulo,-29334
Accumulo,-29321
Royale,-29318
Royale,-29290
Royale,-29284
Royale,-29264
Royale,-29219
Royale,-29183
Royale,-29178
Royale,-29163
Royale,-29147
Royale,-29141
Royale,-29129
Royale,-29124
Royale,-29069
Royale,-29059
Royale,-29024
Royale,-28961
Royale,-28910
Royale,-28860
Royale,-28852
Royale,-28813
Royale,-28630
Royale,-28615
Royale,-28608
Royale,-28600
Royale,-28593
Royale,-28579
Royale,-28572
Royale,-28563
Royale,-28554
Royale,-28547
Guacamole,-28400
Guacamole,-27774
Kafka,-27719
Solr,-27664
carbondata,-27143
carbondata,-27083
carbondata,-27083
carbondata,-27083
carbondata,-27083
carbondata,-27083
carbondata,-27083
carbondata,-27083
carbondata,-27083
carbondata,-27083
carbondata,-27083
carbondata,-27083
carbondata,-27083
carbondata,-27083
carbondata,-27083
carbondata,-27083
carbondata,-27083
carbondata,-27083
carbondata,-27083
carbondata,-27083
carbondata,-27083
carbondata,-27083
carbondata,-27083
Kafka,-25625
RocketMQ,-24904
Kafka,-23905
carbondata,-23409
carbondata,-23397
carbondata,-23397
carbondata,-23397
carbondata,-23397
carbondata,-23397
carbondata,-23397
carbondata,-23397
carbondata,-23397
carbondata,-23397
carbondata,-23397
carbondata,-23397
carbondata,-23397
carbondata,-23397
carbondata,-23397
carbondata,-23397
carbondata,-23397
carbondata,-23397
carbondata,-23397
carbondata,-23397
carbondata,-23397
carbondata,-23397
carbondata,-23397
Guacamole,-23109
Solr,-23067
Dubbo,-22321
RocketMQ,-21729
RocketMQ,-21429
Dubbo,-21363
Kafka,-20038
Accumulo,-19682
Accumulo,-19669
Accumulo,-19669
Accumulo,-19637
Accumulo,-19580
Accumulo,-19547
Accumulo,-19216
Accumulo,-19114
Accumulo,-19086
Accumulo,-19062
Accumulo,-19031
Accumulo,-18986
Accumulo,-18937
Accumulo,-18861
Solr,-18710
Accumulo,-18643
Solr,-18621
Accumulo,-18620
Accumulo,-18578
Accumulo,-18554
Solr,-18311
RocketMQ,-18129
ActiveMQ,-17882
ActiveMQ,-17831
RocketMQ,-17829
Tomee,-17829
ActiveMQ,-17804
Tomee,-17697
Tomee,-17620
Tomee,-17610
ActiveMQ,-17481
ActiveMQ,-17481
ActiveMQ,-17481
ActiveMQ,-17481
ActiveMQ,-17481
ActiveMQ,-17481
ActiveMQ,-17481
ActiveMQ,-17481
ActiveMQ,-17481
ActiveMQ,-17481
ActiveMQ,-17481
ActiveMQ,-17481
ActiveMQ,-17481
ActiveMQ,-17481
ActiveMQ,-17481
ActiveMQ,-17481
ActiveMQ,-17481
ActiveMQ,-17481
ActiveMQ,-17481
ActiveMQ,-17481
ActiveMQ,-17481
ActiveMQ,-17481
ActiveMQ,-17481
ActiveMQ,-17481
ActiveMQ,-17481
ActiveMQ,-17481
ActiveMQ,-17481
ActiveMQ,-17481
ActiveMQ,-17481
ActiveMQ,-17481
ActiveMQ,-17481
ActiveMQ,-17481
ActiveMQ,-17481
ActiveMQ,-17481
ActiveMQ,-17481
ActiveMQ,-17481
ActiveMQ,-17481
ActiveMQ,-17481
ActiveMQ,-17481
ActiveMQ,-17481
ActiveMQ,-17481
ActiveMQ,-17481
ActiveMQ,-17481
ActiveMQ,-17481
ActiveMQ,-17481
ActiveMQ,-17481
ActiveMQ,-17481
ActiveMQ,-17481
ActiveMQ,-17481
ActiveMQ,-17481
ActiveMQ,-17481
ActiveMQ,-17481
ActiveMQ,-17481
ActiveMQ,-17481
ActiveMQ,-17481
ActiveMQ,-17481
ActiveMQ,-17481
ActiveMQ,-17481
ActiveMQ,-17481
ActiveMQ,-17481
ActiveMQ,-17481
ActiveMQ,-17481
ActiveMQ,-17481
ActiveMQ,-17481
ActiveMQ,-17481
ActiveMQ,-17481
ActiveMQ,-17481
ActiveMQ,-17481
ActiveMQ,-17481
ActiveMQ,-17481
ActiveMQ,-17481
ActiveMQ,-17481
ActiveMQ,-17481
Kafka,-17456
Tomee,-17361
Tomee,-17344
Tomee,-17138
Tomee,-17061
Tomee,-16995
Tomee,-16930
Tomee,-16865
Tomee,-16833
Tomee,-16811
Tomee,-16745
Tomee,-16653
Tomee,-16579
Dubbo,-16562
Kafka,-16528
Tomee,-16481
Netbeans,-16389
Tomee,-15964
Tomee,-15964
Tomee,-15964
Tomee,-15964
Tomee,-15964
Tomee,-15964
Tomee,-15964
Tomee,-15964
Tomee,-15964
Tomee,-15964
Tomee,-15964
Tomee,-15964
Tomee,-15964
Tomee,-15963
Tomee,-15963
Tomee,-15963
Tomee,-15963
Tomee,-15963
Tomee,-15963
Tomee,-15963
Tomee,-15963
Tomee,-15963
Tomee,-15963
Tomee,-15963
Tomee,-15963
Tomee,-15963
Tomee,-15963
Tomee,-15963
Tomee,-15963
Tomee,-15963
Tomee,-15963
Tomee,-15963
Tomee,-15963
Tomee,-15963
Tomee,-15963
Tomee,-15963
Tomee,-15963
Tomee,-15963
Tomee,-15963
Tomee,-15963
Tomee,-15963
Tomee,-15963
Tomee,-15963
Tomee,-15963
Tomee,-15963
Tomee,-15963
Tomee,-15963
Tomee,-15962
Tomee,-15962
Tomee,-15962
Tomee,-15962
Tomee,-15962
Tomee,-15962
Tomee,-15962
Tomee,-15962
Tomee,-15962
Tomee,-15962
Tomee,-15962
Tomee,-15962
Tomee,-15962
Tomee,-15962
Tomee,-15962
Tomee,-15962
Tomee,-15962
Tomee,-15962
Tomee,-15962
Tomee,-15962
Tomee,-15962
Tomee,-15962
Tomee,-15962
Tomee,-15962
Tomee,-15962
Tomee,-15962
Tomee,-15962
Tomee,-15961
Tomee,-15961
Tomee,-15961
Tomee,-15961
Tomee,-15961
Tomee,-15961
Tomee,-15961
Tomee,-15961
Tomee,-15961
Tomee,-15961
Tomee,-15961
Tomee,-15961
Tomee,-15961
Tomee,-15961
Tomee,-15961
Tomee,-15961
Tomee,-15961
Tomee,-15961
Tomee,-15961
Tomee,-15961
Tomee,-15961
Tomee,-15961
Tomee,-15961
Tomee,-15961
Tomee,-15961
Tomee,-15961
Tomee,-15961
Tomee,-15961
Tomee,-15961
Tomee,-15961
Tomee,-15961
Tomee,-15961
Tomee,-15961
Tomee,-15961
Tomee,-15961
Tomee,-15961
Tomee,-15961
Tomee,-15961
Tomee,-15961
Tomee,-15961
Tomee,-15961
Tomee,-15961
Tomee,-15961
Tomee,-15961
Tomee,-15961
Tomee,-15961
Tomee,-15961
Tomee,-15961
Tomee,-15961
Tomee,-15961
Tomee,-15961
Tomee,-15961
Tomee,-15961
Tomee,-15961
Tomee,-15961
Tomee,-15960
Tomee,-15960
Tomee,-15960
Tomee,-15960
Tomee,-15960
Tomee,-15960
Tomee,-15960
Tomee,-15960
Tomee,-15960
Tomee,-15960
Tomee,-15960
Tomee,-15960
Tomee,-15960
Tomee,-15960
Tomee,-15960
Tomee,-15960
Dubbo,-15120
Solr,-14636
RocketMQ,-14529
RocketMQ,-14158
Aries,-14049
Clerezza,-13982
Clerezza,-13941
Clerezza,-13884
Aries,-13812
Clerezza,-13798
Clerezza,-13798
Clerezza,-13798
Clerezza,-13798
Clerezza,-13798
Clerezza,-13798
Clerezza,-13798
Clerezza,-13798
Clerezza,-13798
Clerezza,-13798
Clerezza,-13798
Clerezza,-13798
Aries,-13787
Aries,-13779
Aries,-13682
Aries,-13668
Aries,-13652
Guacamole,-13629
Guacamole,-13619
Aries,-13615
Solr,-12934
RocketMQ,-10929
RocketMQ,-10629
Kafka,-10321
Dubbo,-10149
Solr,-10112
Dubbo,-10089
Accumulo,-9982
Dubbo,-9669
Dubbo,-9369
Accumulo,-9314
Accumulo,-9305
Jackrabbit,-9201
Jackrabbit,-9133
Jackrabbit,-9133
Jackrabbit,-9133
Jackrabbit,-9133
Jackrabbit,-9133
Jackrabbit,-9133
Jackrabbit,-9133
Jackrabbit,-9133
Jackrabbit,-9133
Jackrabbit,-9133
Jackrabbit,-9133
Jackrabbit,-9133
Jackrabbit,-9133
Jackrabbit,-9133
Jackrabbit,-9133
Jackrabbit,-9133
Jackrabbit,-9133
Jackrabbit,-9133
Jackrabbit,-9133
Jackrabbit,-9133
Jackrabbit,-9133
Jackrabbit,-9096
Jackrabbit,-9026
Jackrabbit,-9013
Jackrabbit,-8996
Jackrabbit,-8996
Jackrabbit,-8996
Jackrabbit,-8996
Jackrabbit,-8996
Jackrabbit,-8996
Jackrabbit,-8996
Jackrabbit,-8996
Jackrabbit,-8996
Jackrabbit,-8996
Jackrabbit,-8996
Jackrabbit,-8996
Jackrabbit,-8996
Jackrabbit,-8996
Jackrabbit,-8996
Jackrabbit,-8996
Jackrabbit,-8996
Jackrabbit,-8996
Jackrabbit,-8982
Jackrabbit,-8957
Jackrabbit,-8942
Jackrabbit,-8894
Jackrabbit,-8871
Jackrabbit,-8869
Jackrabbit,-8819
Jackrabbit,-8818
Jackrabbit,-8801
Jackrabbit,-8773
Jackrabbit,-8755
Jackrabbit,-8744
Jackrabbit,-8736
Jackrabbit,-8698
Jackrabbit,-8678
Jackrabbit,-8670
Jackrabbit,-8649
Jackrabbit,-8636
Kafka,-8612
Jackrabbit,-8609
Jackrabbit,-8575
Kafka,-8567
Solr,-8508
Jackrabbit,-8413
Kafka,-8366
Jackrabbit,-8359
Jackrabbit,-8046
Dubbo,-7929
Kafka,-7527
Jackrabbit,-7504
RocketMQ,-7329
Creadur,-7149
Dubbo,-7149
Creadur,-7142
RocketMQ,-7029
Jackrabbit,-6978
Dubbo,-6969
Kafka,-6685
Jackrabbit,-6211
Jackrabbit,-6174
Jackrabbit,-6150
Jackrabbit,-6138
Jackrabbit,-6111
Jackrabbit,-6073
Jackrabbit,-5917
Jackrabbit,-5730
Jackrabbit,-5503
Kafka,-5448
Kafka,-4673
Kafka,-4611
Jackrabbit,-4595
Kafka,-3770
RocketMQ,-3729
RocketMQ,-3429
Kafka,-3390
Jackrabbit,-3033
Jackrabbit,-2935
Jackrabbit,-2897
Jackrabbit,-2816
Jackrabbit,-2764
Jackrabbit,-2673
Jackrabbit,-2577
Royale,-2449
Royale,-2224
Royale,-2224
Royale,-2224
Royale,-2224
Royale,-2224
Royale,-2224
Royale,-2224
Royale,-2224
Royale,-2224
Royale,-2224
Royale,-2224
Royale,-2224
Royale,-2224
Royale,-2224
Royale,-2224
Royale,-2224
Royale,-2224
Royale,-2224
Royale,-2224
Royale,-2224
Royale,-2224
Royale,-2224
Royale,-2224
Royale,-2224
Royale,-2224
Royale,-2224
Royale,-2224
Royale,-2224
Royale,-2224
Royale,-2224
Royale,-2224
Royale,-2224
Royale,-2224
Royale,-2224
Royale,-2224
Royale,-2224
Royale,-2224
Royale,-2224
Royale,-2224
Royale,-2224
Royale,-2224
Royale,-2224
Royale,-2224
Royale,-2224
Royale,-2224
Royale,-2224
Royale,-2224
Royale,-2224
Royale,-2224
Royale,-2224
Royale,-2224
Royale,-2224
Royale,-2224
Royale,-2224
Royale,-2224
Royale,-2224
Royale,-2224
Royale,-2224
Royale,-2224
Royale,-2224
Royale,-2224
Royale,-2224
Royale,-2224
Royale,-2224
Royale,-2224
Royale,-2224
Royale,-2224
Royale,-2224
Royale,-2224
Royale,-2224
Royale,-2224
Royale,-2224
Royale,-2224
Royale,-2224
Royale,-2224
Royale,-2224
Royale,-2224
Royale,-2224
Royale,-2224
Royale,-2224
Royale,-2224
Royale,-2224
Royale,-2224
Royale,-2224
Royale,-2224
Royale,-2224
Royale,-2224
Royale,-2224
Royale,-2224
Royale,-2224
Royale,-2166
Royale,-2052
Royale,-2043
Royale,-2024
Royale,-2014
Royale,-2000
Jackrabbit,-1979
Royale,-1971
Royale,-1960
Royale,-1946
Royale,-1935
Royale,-1924
Royale,-1890
Royale,-1879
Royale,-1868
Royale,-1856
Royale,-1846
Royale,-1834
Royale,-1821
Royale,-1810
Royale,-1798
Royale,-1789
Royale,-1773
Kafka,-1759
Royale,-1738
Royale,-1725
Royale,-1711
Royale,-1700
Royale,-1690
Royale,-1676
Royale,-1663
Royale,-1653
Royale,-1641
Royale,-1608
Royale,-1594
Royale,-1583
Jackrabbit,-1553
Royale,-1529
Royale,-1519
Royale,-1507
Royale,-1496
Royale,-1485
Royale,-1460
Netbeans,-1440
Royale,-1432
Royale,-1426
Royale,-1418
Royale,-1409
Royale,-1399
Royale,-1387
Royale,-1377
Royale,-1367
Royale,-1358
Royale,-1348
Royale,-1338
Royale,-1328
Netbeans,-1319
Royale,-1317
Royale,-1308
Royale,-1297
Royale,-1287
Royale,-1277
Royale,-1268
Netbeans,-1259
Netbeans,-1259
Netbeans,-1259
Royale,-1258
Royale,-1248
Royale,-1238
Royale,-1229
Royale,-1219
Royale,-1209
Netbeans,-1199
Netbeans,-1199
Netbeans,-1199
Royale,-1198
Royale,-1188
Royale,-1179
Royale,-1169
Royale,-1160
Royale,-1150
Netbeans,-1142
Royale,-1140
Royale,-1131
Royale,-1121
Royale,-1110
Royale,-1101
Royale,-1091
Royale,-1082
Royale,-1072
Royale,-1063
Royale,-1053
Royale,-1043
Royale,-1034
Jackrabbit,-1027
Royale,-1024
Netbeans,-1022
Royale,-1014
Royale,-1004
Royale,-994
Royale,-984
Royale,-974
Royale,-964
Netbeans,-962
Netbeans,-962
Netbeans,-962
Royale,-953
Royale,-944
Royale,-934
Royale,-925
Royale,-913
Royale,-903
Netbeans,-902
Netbeans,-902
Netbeans,-902
Royale,-894
Royale,-884
Jackrabbit,-877
Royale,-874
Royale,-864
Jackrabbit,-857
Royale,-854
Royale,-844
Netbeans,-842
Royale,-835
Jackrabbit,-811
Royale,-782
Royale,-773
Royale,-763
Royale,-751
Royale,-742
Royale,-731
Netbeans,-722
Netbeans,-722
Jackrabbit,-722
Royale,-720
Royale,-711
Royale,-701
Royale,-691
Royale,-681
Royale,-666
Netbeans,-661
Netbeans,-661
Netbeans,-661
Royale,-657
Royale,-647
Royale,-636
Royale,-627
Royale,-617
Royale,-606
Netbeans,-601
Netbeans,-601
Netbeans,-601
Netbeans,-601
Royale,-597
Royale,-588
Royale,-578
Royale,-569
Royale,-559
Royale,-549
Netbeans,-541
Royale,-539
Royale,-529
Royale,-519
Royale,-509
Royale,-499
Royale,-489
Royale,-479
Royale,-470
Royale,-460
Royale,-451
Royale,-441
Royale,-429
Netbeans,-421
Netbeans,-421
Royale,-420
Royale,-410
Royale,-401
Royale,-391
Royale,-381
Royale,-372
Royale,-362
Netbeans,-361
Netbeans,-361
Netbeans,-361
Royale,-352
Royale,-342
Royale,-333
Royale,-323
Royale,-312
Royale,-303
Netbeans,-300
Netbeans,-300
Netbeans,-300
Netbeans,-300
Royale,-293
Royale,-284
Royale,-274
Royale,-268
Royale,-259
Royale,-244
Netbeans,-240
Royale,-236
Royale,-226
Royale,-219
Royale,-211
Royale,-201
Royale,-193
Royale,-184
Royale,-174
Royale,-157
Jackrabbit,-148
RocketMQ,-129
Royale,-127
Netbeans,-121
Netbeans,-121
Jackrabbit,-109
Royale,-98
Jackrabbit,-83
Royale,-71
Royale,-61
Netbeans,-60
Netbeans,-60
Netbeans,-60
Jackrabbit,-57
Royale,-35
Jackrabbit,-33
Jackrabbit,-19
Royale,-12
Netbeans,0
Netbeans,0
Netbeans,0
Netbeans,0
Royale,16
